<?xml version="1.0" encoding="UTF-8" ?>
<XMLDB PATH="mod/collabora/db" VERSION="20190125" COMMENT="XMLDB file for Moodle mod/collabora"
    xmlns:xsi="http://www.w3.org/2001/XMLSchema-instance"
    xsi:noNamespaceSchemaLocation="../../../lib/xmldb/xmldb.xsd"
>
  <TABLES>
    <TABLE NAME="collabora" COMMENT="Main activity database table">
      <FIELDS>
        <FIELD NAME="id" TYPE="int" LENGTH="10" NOTNULL="true" SEQUENCE="true"/>
        <FIELD NAME="course" TYPE="int" LENGTH="10" NOTNULL="true" SEQUENCE="false"/>
        <FIELD NAME="name" TYPE="char" LENGTH="255" NOTNULL="true" SEQUENCE="false"/>
        <FIELD NAME="timecreated" TYPE="int" LENGTH="10" NOTNULL="true" SEQUENCE="false"/>
        <FIELD NAME="timemodified" TYPE="int" LENGTH="10" NOTNULL="true" SEQUENCE="false"/>
        <FIELD NAME="intro" TYPE="text" NOTNULL="true" SEQUENCE="false"/>
        <FIELD NAME="introformat" TYPE="int" LENGTH="4" NOTNULL="true" DEFAULT="0" SEQUENCE="false"/>
        <FIELD NAME="format" TYPE="char" LENGTH="20" NOTNULL="true" DEFAULT="upload" SEQUENCE="false" COMMENT="upload / text / spreadsheet / wordprocessor / presentation"/>
        <FIELD NAME="initialtext" TYPE="text" NOTNULL="false" SEQUENCE="false" COMMENT="Initial text, if 'text' format selected"/>
        <FIELD NAME="display" TYPE="char" LENGTH="10" NOTNULL="true" DEFAULT="current" SEQUENCE="false" COMMENT="current / new"/>
        <FIELD NAME="width" TYPE="int" LENGTH="5" NOTNULL="true" DEFAULT="0" SEQUENCE="false" COMMENT="iframe width - 0 for auto"/>
        <FIELD NAME="height" TYPE="int" LENGTH="5" NOTNULL="true" DEFAULT="0" SEQUENCE="false" COMMENT="iframe height - 0 for auto"/>
        <FIELD NAME="displayname" TYPE="int" LENGTH="2" NOTNULL="true" DEFAULT="1" SEQUENCE="false" COMMENT="Should the name be displayed on the view page?"/>
        <FIELD NAME="displaydescription" TYPE="int" LENGTH="2" NOTNULL="true" DEFAULT="1" SEQUENCE="false" COMMENT="Should the description be displayed on the view page?"/>
      </FIELDS>
      <KEYS>
        <KEY NAME="primary" TYPE="primary" FIELDS="id"/>
        <KEY NAME="course" TYPE="foreign" FIELDS="course" REFTABLE="course" REFFIELDS="id"/>
      </KEYS>
    </TABLE>
    <TABLE NAME="collabora_document" COMMENT="Extra metadata for collabora documents">
      <FIELDS>
        <FIELD NAME="id" TYPE="int" LENGTH="10" NOTNULL="true" SEQUENCE="true"/>
        <FIELD NAME="collaboraid" TYPE="int" LENGTH="10" NOTNULL="true" SEQUENCE="false" COMMENT="The collabora instance this relates to"/>
        <FIELD NAME="groupid" TYPE="int" LENGTH="10" NOTNULL="true" SEQUENCE="false" COMMENT="The group this document relates to"/>
        <FIELD NAME="locked" TYPE="int" LENGTH="2" NOTNULL="true" DEFAULT="0" SEQUENCE="false" COMMENT="Has this document been locked as read-only?"/>
        <FIELD NAME="repaircount" TYPE="int" LENGTH="10" NOTNULL="true" DEFAULT="0" SEQUENCE="false" COMMENT="An incremental number to repair a broken document"/>
      </FIELDS>
      <KEYS>
        <KEY NAME="primary" TYPE="primary" FIELDS="id"/>
        <KEY NAME="collaboraid" TYPE="foreign" FIELDS="collaboraid" REFTABLE="collabora" REFFIELDS="id"/>
        <KEY NAME="groupid" TYPE="foreign" FIELDS="groupid" REFTABLE="groups" REFFIELDS="id"/>
      </KEYS>
    </TABLE>
    <TABLE NAME="collabora_token" COMMENT="Authentication token for collabora access">
      <FIELDS>
        <FIELD NAME="id" TYPE="int" LENGTH="10" NOTNULL="true" SEQUENCE="true"/>
        <FIELD NAME="userid" TYPE="int" LENGTH="10" NOTNULL="true" SEQUENCE="false" COMMENT="The user in question"/>
        <FIELD NAME="token" TYPE="char" LENGTH="254" NOTNULL="true" SEQUENCE="false" COMMENT="The user's access token"/>
        <FIELD NAME="sid" TYPE="char" LENGTH="255" NOTNULL="false" SEQUENCE="false" COMMENT="session id"/>
      </FIELDS>
      <KEYS>
        <KEY NAME="primary" TYPE="primary" FIELDS="id"/>
      </KEYS>
      <INDEXES>
        <INDEX NAME="token" UNIQUE="true" FIELDS="token"/>
      </INDEXES>
    </TABLE>
  </TABLES>
</XMLDB>
