<?xml version="1.0" encoding="UTF-8" ?>
<GROUPFORMATION COMMENT="multiselect questions">
    <QUESTIONS VERSION="2017090901">
        <QUESTION ID="1" TYPE="multiselect">
            <QUESTIONTEXT>
                <![CDATA[Was sind deine Lieblingsfarben?]]>
            </QUESTIONTEXT>
            <OPTIONS>
                <OPTION>
                    <![CDATA[Rot]]>
                </OPTION>
                <OPTION>
                    <![CDATA[Blau]]>
                </OPTION>
                <OPTION>
                    <![CDATA[Grün]]>
                </OPTION>
            </OPTIONS>
        </QUESTION>
    </QUESTIONS>
</GROUPFORMATION>