<?xml version="1.0" encoding="UTF-8" ?>
<GROUPFORMATION COMMENT="">
     <QUESTIONS VERSION="2017060319">
          <QUESTION ID="1" TYPE="dropdown">
               <QUESTIONTEXT>
                    <![CDATA[Welche Note möchten Sie erreichen?]]>
               </QUESTIONTEXT>
               <OPTIONS>
                   	<OPTION> 
                   		<![CDATA[1.0]]>
                   	</OPTION>
                   	<OPTION>	
             			<![CDATA[1.3]]>
             		</OPTION>
                    <OPTION>
                    	<![CDATA[1.7]]>
                    </OPTION>
                    <OPTION>
                    	<![CDATA[2.0]]>
                    </OPTION>
                    <OPTION>
                    	<![CDATA[2.3]]>
                    </OPTION>
                    <OPTION>
                    	<![CDATA[2.7]]>
                    </OPTION>
                    <OPTION>
                    	<![CDATA[3.0]]>
                    </OPTION>
                    <OPTION>
                    	<![CDATA[3.3]]>
                    </OPTION>
                    <OPTION>
                    	<![CDATA[3.7]]>
                    </OPTION>
                    <OPTION>
                    	<![CDATA[4.0]]>
                    </OPTION>
               </OPTIONS>
          </QUESTION>
          
          <QUESTION ID="2" TYPE="dropdown">
               <QUESTIONTEXT>
                    <![CDATA[Welche Note halten Sie für realistisch?]]>
               </QUESTIONTEXT>
               <OPTIONS>
                   	<OPTION> 
                   		<![CDATA[1.0]]>
                   	</OPTION>
                   	<OPTION>	
             			<![CDATA[1.3]]>
             		</OPTION>
                    <OPTION>
                    	<![CDATA[1.7]]>
                    </OPTION>
                    <OPTION>
                    	<![CDATA[2.0]]>
                    </OPTION>
                    <OPTION>
                    	<![CDATA[2.3]]>
                    </OPTION>
                    <OPTION>
                    	<![CDATA[2.7]]>
                    </OPTION>
                    <OPTION>
                    	<![CDATA[3.0]]>
                    </OPTION>
                    <OPTION>
                    	<![CDATA[3.3]]>
                    </OPTION>
                    <OPTION>
                    	<![CDATA[3.7]]>
                    </OPTION>
                    <OPTION>
                    	<![CDATA[4.0]]>
                    </OPTION>
               </OPTIONS>
          </QUESTION>
          
          <QUESTION ID="3" TYPE="dropdown">
               <QUESTIONTEXT>
                    <![CDATA[Ab welcher Note wären Sie unzufrieden?]]>
               </QUESTIONTEXT>
               <OPTIONS>
                   	<OPTION> 
                   		<![CDATA[1.0]]>
                   	</OPTION>
                   	<OPTION>	
             			<![CDATA[1.3]]>
             		</OPTION>
                    <OPTION>
                    	<![CDATA[1.7]]>
                    </OPTION>
                    <OPTION>
                    	<![CDATA[2.0]]>
                    </OPTION>
                    <OPTION>
                    	<![CDATA[2.3]]>
                    </OPTION>
                    <OPTION>
                    	<![CDATA[2.7]]>
                    </OPTION>
                    <OPTION>
                    	<![CDATA[3.0]]>
                    </OPTION>
                    <OPTION>
                    	<![CDATA[3.3]]>
                    </OPTION>
                    <OPTION>
                    	<![CDATA[3.7]]>
                    </OPTION>
                    <OPTION>
                    	<![CDATA[4.0]]>
                    </OPTION>
               </OPTIONS>
          </QUESTION>
     </QUESTIONS>
</GROUPFORMATION>
