<?xml version="1.0" encoding="UTF-8" ?>
<GROUPFORMATION COMMENT="">
     <QUESTIONS VERSION="2018061901">
          <QUESTION ID="1" TYPE="dropdown">
               <QUESTIONTEXT>
                    <![CDATA[Ich habe die Fragen konzentriert und ehrlich beantwortet.]]>
               </QUESTIONTEXT>
               <OPTIONS>
                   	<OPTION> 
                   		<![CDATA[Ja, völlig konzentriert und ehrlich.]]>
                   	</OPTION>
                   	<OPTION>	
             			<![CDATA[Ja, überwiegend konzentriert und ehrlich.]]>
             		</OPTION>
                    <OPTION>
                    	<![CDATA[Nein, gar nicht konzentriert und ehrlich.]]>
                    </OPTION>
               </OPTIONS>
          </QUESTION>
     </QUESTIONS>
</GROUPFORMATION>
