<?xml version="1.0" encoding="UTF-8" ?>
<GROUPFORMATION COMMENT="">
     <QUESTIONS VERSION="2017060319">
          <QUESTION ID="1" TYPE="range">
               <QUESTIONTEXT>
                    <![CDATA[Welche Punktzahl möchten Sie erreichen?]]>
               </QUESTIONTEXT>
               <OPTIONS>
                   	<OPTION> 
                   		<![CDATA[0]]>
                   	</OPTION>
                   	<OPTION>	
             			<![CDATA[10]]>
             		</OPTION>
                    <OPTION>
                    	<![CDATA[20]]>
                    </OPTION>
                    <OPTION>
                    	<![CDATA[30]]>
                    </OPTION>
                    <OPTION>
                    	<![CDATA[40]]>
                    </OPTION>
                    <OPTION>
                    	<![CDATA[50]]>
                    </OPTION>
                    <OPTION>
                    	<![CDATA[60]]>
                    </OPTION>
                    <OPTION>
                    	<![CDATA[70]]>
                    </OPTION>
                    <OPTION>
                    	<![CDATA[80]]>
                    </OPTION>
                    <OPTION>
                    	<![CDATA[90]]>
                    </OPTION>
                    <OPTION>
                    	<![CDATA[100]]>
                    </OPTION>
               </OPTIONS>
          </QUESTION>
          
          <QUESTION ID="2" TYPE="range">
               <QUESTIONTEXT>
                    <![CDATA[Welche Punktzahl halten Sie für realistisch?]]>
               </QUESTIONTEXT>
               <OPTIONS>
                   	<OPTION> 
                   		<![CDATA[0]]>
                   	</OPTION>
                   	<OPTION>	
             			<![CDATA[10]]>
             		</OPTION>
                    <OPTION>
                    	<![CDATA[20]]>
                    </OPTION>
                    <OPTION>
                    	<![CDATA[30]]>
                    </OPTION>
                    <OPTION>
                    	<![CDATA[40]]>
                    </OPTION>
                    <OPTION>
                    	<![CDATA[50]]>
                    </OPTION>
                    <OPTION>
                    	<![CDATA[60]]>
                    </OPTION>
                    <OPTION>
                    	<![CDATA[70]]>
                    </OPTION>
                    <OPTION>
                    	<![CDATA[80]]>
                    </OPTION>
                    <OPTION>
                    	<![CDATA[90]]>
                    </OPTION>
                    <OPTION>
                    	<![CDATA[100]]>
                    </OPTION>
               </OPTIONS>
          </QUESTION>
          
          <QUESTION ID="3" TYPE="range">
               <QUESTIONTEXT>
                    <![CDATA[Ab welcher Punktzahl wären Sie unzufrieden?]]>
               </QUESTIONTEXT>
               <OPTIONS>
                   	<OPTION> 
                   		<![CDATA[0]]>
                   	</OPTION>
                   	<OPTION>	
             			<![CDATA[10]]>
             		</OPTION>
                    <OPTION>
                    	<![CDATA[20]]>
                    </OPTION>
                    <OPTION>
                    	<![CDATA[30]]>
                    </OPTION>
                    <OPTION>
                    	<![CDATA[40]]>
                    </OPTION>
                    <OPTION>
                    	<![CDATA[50]]>
                    </OPTION>
                    <OPTION>
                    	<![CDATA[60]]>
                    </OPTION>
                    <OPTION>
                    	<![CDATA[70]]>
                    </OPTION>
                    <OPTION>
                    	<![CDATA[80]]>
                    </OPTION>
                    <OPTION>
                    	<![CDATA[90]]>
                    </OPTION>
                    <OPTION>
                    	<![CDATA[100]]>
                    </OPTION>
               </OPTIONS>
          </QUESTION>
     </QUESTIONS>
</GROUPFORMATION>
