<?xml version="1.0" encoding="UTF-8" ?>
<GROUPFORMATION COMMENT="times questions">
    <QUESTIONS VERSION="2018061901">
        <QUESTION ID="1" TYPE="freetext">
            <QUESTIONTEXT>
                <![CDATA[Welche anderen Verpflichtungen haben Sie parallel zum Vorkurs?  Gemeint sind Praktika, Jobs, andere Lehrveranstaltungen, Reisen, aufwendige Hobbies etc.]]>
            </QUESTIONTEXT>
        </QUESTION>
        <QUESTION ID="2" TYPE="number">
            <QUESTIONTEXT>
                <![CDATA[Wie viele Stunden pro Woche nehmen alle diese Aktivitäten insgesamt in Anspruch?]]>
            </QUESTIONTEXT>
            <OPTIONS>
                <MIN>
                    <![CDATA[0]]>
                </MIN>
                <MAX>
                    <![CDATA[100]]>
                </MAX>
            </OPTIONS>
        </QUESTION>
        <QUESTION ID="3" TYPE="dropdown">
            <QUESTIONTEXT>
                <![CDATA[An wie vielen Tagen pro Woche können Sie sich maximal mit dem Vorkurs Mathematik beschäftigen?]]>
            </QUESTIONTEXT>
            <OPTIONS>
                <OPTION>
                    <![CDATA[0]]>
                </OPTION>
                <OPTION>
                    <![CDATA[1]]>
                </OPTION>
                <OPTION>
                    <![CDATA[2]]>
                </OPTION>
                <OPTION>
                    <![CDATA[3]]>
                </OPTION>
                <OPTION>
                    <![CDATA[4]]>
                </OPTION>
                <OPTION>
                    <![CDATA[5]]>
                </OPTION>
                <OPTION>
                    <![CDATA[6]]>
                </OPTION>
                <OPTION>
                    <![CDATA[7]]>
                </OPTION>
            </OPTIONS>
        </QUESTION>
        <QUESTION ID="4" TYPE="dropdown">
            <QUESTIONTEXT>
                <![CDATA[An wie vielen Tagen pro Woche haben Sie wirklich vor, sich mit dem Vorkurs Mathematik beschäftigen?]]>
            </QUESTIONTEXT>
            <OPTIONS>
                <OPTION>
                    <![CDATA[0]]>
                </OPTION>
                <OPTION>
                    <![CDATA[1]]>
                </OPTION>
                <OPTION>
                    <![CDATA[2]]>
                </OPTION>
                <OPTION>
                    <![CDATA[3]]>
                </OPTION>
                <OPTION>
                    <![CDATA[4]]>
                </OPTION>
                <OPTION>
                    <![CDATA[5]]>
                </OPTION>
                <OPTION>
                    <![CDATA[6]]>
                </OPTION>
                <OPTION>
                    <![CDATA[7]]>
                </OPTION>
            </OPTIONS>
        </QUESTION>
        <QUESTION ID="5" TYPE="dropdown">
            <QUESTIONTEXT>
                <![CDATA[Wie viele Stunden pro Tag können Sie maximal für den Vorkurs Mathematik investieren?]]>
            </QUESTIONTEXT>
            <OPTIONS>
                <OPTION>
                    <![CDATA[0]]>
                </OPTION>
                <OPTION>
                    <![CDATA[1]]>
                </OPTION>
                <OPTION>
                    <![CDATA[2]]>
                </OPTION>
                <OPTION>
                    <![CDATA[3]]>
                </OPTION>
                <OPTION>
                    <![CDATA[4]]>
                </OPTION>
                <OPTION>
                    <![CDATA[5]]>
                </OPTION>
                <OPTION>
                    <![CDATA[6]]>
                </OPTION>
                <OPTION>
                    <![CDATA[7]]>
                </OPTION>
                <OPTION>
                    <![CDATA[8]]>
                </OPTION>
                <OPTION>
                    <![CDATA[9]]>
                </OPTION>
                <OPTION>
                    <![CDATA[10]]>
                </OPTION>
                <OPTION>
                    <![CDATA[11]]>
                </OPTION>
                <OPTION>
                    <![CDATA[12]]>
                </OPTION>
            </OPTIONS>
        </QUESTION>
        <QUESTION ID="6" TYPE="dropdown">
            <QUESTIONTEXT>
                <![CDATA[Wie viele Stunden pro Tag haben Sie wirklich vor, für den Vorkurs Mathematik zu investieren?]]>
            </QUESTIONTEXT>
            <OPTIONS>
                <OPTION>
                    <![CDATA[0]]>
                </OPTION>
                <OPTION>
                    <![CDATA[1]]>
                </OPTION>
                <OPTION>
                    <![CDATA[2]]>
                </OPTION>
                <OPTION>
                    <![CDATA[3]]>
                </OPTION>
                <OPTION>
                    <![CDATA[4]]>
                </OPTION>
                <OPTION>
                    <![CDATA[5]]>
                </OPTION>
                <OPTION>
                    <![CDATA[6]]>
                </OPTION>
                <OPTION>
                    <![CDATA[7]]>
                </OPTION>
                <OPTION>
                    <![CDATA[8]]>
                </OPTION>
                <OPTION>
                    <![CDATA[9]]>
                </OPTION>
                <OPTION>
                    <![CDATA[10]]>
                </OPTION>
                <OPTION>
                    <![CDATA[11]]>
                </OPTION>
                <OPTION>
                    <![CDATA[12]]>
                </OPTION>
            </OPTIONS>
        </QUESTION>
    </QUESTIONS>
</GROUPFORMATION>