<?xml version="1.0" encoding="UTF-8" ?>
<GROUPFORMATION COMMENT="team orientation">
    <QUESTIONS VERSION="2017081401">
        <QUESTION ID="14" TYPE="likert">
            <QUESTIONTEXT>
                <![CDATA[Wenn ich die Wahl habe, arbeite ich lieber im Team als allein.]]>
            </QUESTIONTEXT>
            <OPTIONS>
                <OPTION>
                    <![CDATA[trifft nicht zu]]>
                </OPTION>
                <OPTION>
                    <![CDATA[]]>
                </OPTION>
                <OPTION>
                    <![CDATA[]]>
                </OPTION>
                <OPTION>
                    <![CDATA[]]>
                </OPTION>
                <OPTION>
                    <![CDATA[]]>
                </OPTION>
                <OPTION>
                    <![CDATA[trifft zu]]>
                </OPTION>
            </OPTIONS>
        </QUESTION>
        <QUESTION ID="15" TYPE="likert">
            <QUESTIONTEXT>
                <![CDATA[Ich finde, Teamarbeit hilft mir dabei, effektiver zu arbeiten.]]>
            </QUESTIONTEXT>
            <OPTIONS>
                <OPTION>
                    <![CDATA[trifft nicht zu]]>
                </OPTION>
                <OPTION>
                    <![CDATA[]]>
                </OPTION>
                <OPTION>
                    <![CDATA[]]>
                </OPTION>
                <OPTION>
                    <![CDATA[]]>
                </OPTION>
                <OPTION>
                    <![CDATA[]]>
                </OPTION>
                <OPTION>
                    <![CDATA[trifft zu]]>
                </OPTION>
            </OPTIONS>
        </QUESTION>
        <QUESTION ID="16" TYPE="likert">
            <QUESTIONTEXT>
                <![CDATA[Im Allgemeinen bevorzuge ich es, als Teil eines Teams zu arbeiten.]]>
            </QUESTIONTEXT>
            <OPTIONS>
                <OPTION>
                    <![CDATA[trifft nicht zu]]>
                </OPTION>
                <OPTION>
                    <![CDATA[]]>
                </OPTION>
                <OPTION>
                    <![CDATA[]]>
                </OPTION>
                <OPTION>
                    <![CDATA[]]>
                </OPTION>
                <OPTION>
                    <![CDATA[]]>
                </OPTION>
                <OPTION>
                    <![CDATA[trifft zu]]>
                </OPTION>
            </OPTIONS>
        </QUESTION>
    </QUESTIONS>
</GROUPFORMATION>