<?xml version="1.0" encoding="UTF-8" ?>
<GROUPFORMATION COMMENT="">
     <QUESTIONS VERSION="2017060319">
          <QUESTION ID="1" TYPE="dropdown">
               <QUESTIONTEXT>
                    <![CDATA[Please select in which languages you can possibly communicate with your team]]>
               </QUESTIONTEXT>
               <OPTIONS>
                    <OPTION>
                        <![CDATA[english]]>
                    </OPTION>
                    <OPTION>
                        <![CDATA[german]]>
                    </OPTION>
                    <OPTION>
                        <![CDATA[english, but german is also possible]]>
                    </OPTION>
                    <OPTION>
                        <![CDATA[german, but english is also possible]]>
                    </OPTION>
               </OPTIONS>
         </QUESTION>
     </QUESTIONS>
</GROUPFORMATION>