<?xml version="1.0" encoding="UTF-8" ?>
<GROUPFORMATION COMMENT="">
     <QUESTIONS VERSION="2018061901">
          <QUESTION ID="1" TYPE="dropdown">
               <QUESTIONTEXT>
                    <![CDATA[I have answered all questions concentrated and honestly.]]>
               </QUESTIONTEXT>
               <OPTIONS>
                    <OPTION>
                        <![CDATA[Yes, fully concentrated and honestly.]]>
                    </OPTION>
                    <OPTION>
                        <![CDATA[Yes, mostly concentrated and honestly.]]>
                    </OPTION>
                    <OPTION>
                        <![CDATA[No, not at all concentrated and honest.]]>
                    </OPTION>
               </OPTIONS>
          </QUESTION>
     </QUESTIONS>
</GROUPFORMATION>
