<?xml version="1.0" encoding="UTF-8" ?>
<GROUPFORMATION COMMENT="times questions">
    <QUESTIONS VERSION="2018083005">
        <QUESTION ID="1" TYPE="freetext">
            <QUESTIONTEXT>
                <![CDATA[What other activities are you planning besides the pre-course? Meant are internships, jobs, other courses, holidays, time-consuming hobbies etc.]]>
            </QUESTIONTEXT>
        </QUESTION>
        <QUESTION ID="2" TYPE="number">
            <QUESTIONTEXT>
                <![CDATA[How many hours per week you will spend for this activities all in all?]]>
            </QUESTIONTEXT>
            <OPTIONS>
                <MIN>
                    <![CDATA[0]]>
                </MIN>
                <MAX>
                    <![CDATA[100]]>
                </MAX>
            </OPTIONS>
        </QUESTION>
        <QUESTION ID="3" TYPE="dropdown">
            <QUESTIONTEXT>
                <![CDATA[How many days per week are you able to engage in the math pre-course maximally?]]>
            </QUESTIONTEXT>
            <OPTIONS>
                <OPTION>
                    <![CDATA[0]]>
                </OPTION>
                <OPTION>
                    <![CDATA[1]]>
                </OPTION>
                <OPTION>
                    <![CDATA[2]]>
                </OPTION>
                <OPTION>
                    <![CDATA[3]]>
                </OPTION>
                <OPTION>
                    <![CDATA[4]]>
                </OPTION>
                <OPTION>
                    <![CDATA[5]]>
                </OPTION>
                <OPTION>
                    <![CDATA[6]]>
                </OPTION>
                <OPTION>
                    <![CDATA[7]]>
                </OPTION>
            </OPTIONS>
        </QUESTION>
        <QUESTION ID="4" TYPE="dropdown">
            <QUESTIONTEXT>
                <![CDATA[How many days per week are you actually planning to engage with the math pre-course?]]>
            </QUESTIONTEXT>
            <OPTIONS>
                <OPTION>
                    <![CDATA[0]]>
                </OPTION>
                <OPTION>
                    <![CDATA[1]]>
                </OPTION>
                <OPTION>
                    <![CDATA[2]]>
                </OPTION>
                <OPTION>
                    <![CDATA[3]]>
                </OPTION>
                <OPTION>
                    <![CDATA[4]]>
                </OPTION>
                <OPTION>
                    <![CDATA[5]]>
                </OPTION>
                <OPTION>
                    <![CDATA[6]]>
                </OPTION>
                <OPTION>
                    <![CDATA[7]]>
                </OPTION>
            </OPTIONS>
        </QUESTION>
        <QUESTION ID="5" TYPE="dropdown">
            <QUESTIONTEXT>
                <![CDATA[How many hours per day are you able to engage in the math pre-course maximally?]]>
            </QUESTIONTEXT>
            <OPTIONS>
                <OPTION>
                    <![CDATA[0]]>
                </OPTION>
                <OPTION>
                    <![CDATA[1]]>
                </OPTION>
                <OPTION>
                    <![CDATA[2]]>
                </OPTION>
                <OPTION>
                    <![CDATA[3]]>
                </OPTION>
                <OPTION>
                    <![CDATA[4]]>
                </OPTION>
                <OPTION>
                    <![CDATA[5]]>
                </OPTION>
                <OPTION>
                    <![CDATA[6]]>
                </OPTION>
                <OPTION>
                    <![CDATA[7]]>
                </OPTION>
                <OPTION>
                    <![CDATA[8]]>
                </OPTION>
                <OPTION>
                    <![CDATA[9]]>
                </OPTION>
                <OPTION>
                    <![CDATA[10]]>
                </OPTION>
                <OPTION>
                    <![CDATA[11]]>
                </OPTION>
                <OPTION>
                    <![CDATA[12]]>
                </OPTION>
            </OPTIONS>
        </QUESTION>
        <QUESTION ID="6" TYPE="dropdown">
            <QUESTIONTEXT>
                <![CDATA[How many hours per day are you actually planning to engage with the math pre-course?]]>
            </QUESTIONTEXT>
            <OPTIONS>
                <OPTION>
                    <![CDATA[0]]>
                </OPTION>
                <OPTION>
                    <![CDATA[1]]>
                </OPTION>
                <OPTION>
                    <![CDATA[2]]>
                </OPTION>
                <OPTION>
                    <![CDATA[3]]>
                </OPTION>
                <OPTION>
                    <![CDATA[4]]>
                </OPTION>
                <OPTION>
                    <![CDATA[5]]>
                </OPTION>
                <OPTION>
                    <![CDATA[6]]>
                </OPTION>
                <OPTION>
                    <![CDATA[7]]>
                </OPTION>
                <OPTION>
                    <![CDATA[8]]>
                </OPTION>
                <OPTION>
                    <![CDATA[9]]>
                </OPTION>
                <OPTION>
                    <![CDATA[10]]>
                </OPTION>
                <OPTION>
                    <![CDATA[11]]>
                </OPTION>
                <OPTION>
                    <![CDATA[12]]>
                </OPTION>
            </OPTIONS>
        </QUESTION>
    </QUESTIONS>
</GROUPFORMATION>