<?xml version="1.0" encoding="UTF-8" ?>
<GROUPFORMATION COMMENT="team orientation">
    <QUESTIONS VERSION="2018111001">
        <QUESTION ID="14" TYPE="likert">
            <QUESTIONTEXT>
                <![CDATA[If given the choice, I would prefer to work as part of a team rather than work alone.]]>
            </QUESTIONTEXT>
            <OPTIONS>
                <OPTION>
                    <![CDATA[disagree]]>
                </OPTION>
                <OPTION>
                    <![CDATA[]]>
                </OPTION>
                <OPTION>
                    <![CDATA[]]>
                </OPTION>
                <OPTION>
                    <![CDATA[]]>
                </OPTION>
                <OPTION>
                    <![CDATA[]]>
                </OPTION>
                <OPTION>
                    <![CDATA[agree]]>
                </OPTION>
            </OPTIONS>
        </QUESTION>
        <QUESTION ID="15" TYPE="likert">
            <QUESTIONTEXT>
                <![CDATA[I find that working as a member of a team increases my ability to perform effectively.]]>
            </QUESTIONTEXT>
            <OPTIONS>
                <OPTION>
                    <![CDATA[disagree]]>
                </OPTION>
                <OPTION>
                    <![CDATA[]]>
                </OPTION>
                <OPTION>
                    <![CDATA[]]>
                </OPTION>
                <OPTION>
                    <![CDATA[]]>
                </OPTION>
                <OPTION>
                    <![CDATA[]]>
                </OPTION>
                <OPTION>
                    <![CDATA[agree]]>
                </OPTION>
            </OPTIONS>
        </QUESTION>
        <QUESTION ID="16" TYPE="likert">
            <QUESTIONTEXT>
                <![CDATA[I generally prefer to work as part of a team.]]>
            </QUESTIONTEXT>
            <OPTIONS>
                <OPTION>
                    <![CDATA[disagree]]>
                </OPTION>
                <OPTION>
                    <![CDATA[]]>
                </OPTION>
                <OPTION>
                    <![CDATA[]]>
                </OPTION>
                <OPTION>
                    <![CDATA[]]>
                </OPTION>
                <OPTION>
                    <![CDATA[]]>
                </OPTION>
                <OPTION>
                    <![CDATA[agree]]>
                </OPTION>
            </OPTIONS>
        </QUESTION>
    </QUESTIONS>
</GROUPFORMATION>