<?xml version="1.0" encoding="UTF-8" ?>
<questionnaire version="2021081904">
    <categories>
        <category>demographic</category>
        <category>times</category>
        <category>general</category>
        <category>grade</category>
        <category>points</category>
        <category>character</category>
        <category>motivation</category>
        <category>team</category>
        <category>srl</category>
        <category>honesty</category>
        <category>topic</category>
    </categories>
    <scenarios>
        <scenario>
            <name>projectteams</name>
            <categories>
                <category>general</category>
                <category>grade</category>
                <category>points</category>
                <category>character</category>
                <category>team</category>
                <category>honesty</category>
            </categories>
        </scenario>
        <scenario>
            <name>homeworkgroups</name>
            <categories>
                <category>general</category>
                <category>grade</category>
                <category>points</category>
                <category>character</category>
                <category>motivation</category>
                <category>team</category>
                <category>honesty</category>
            </categories>
        </scenario>
        <scenario>
            <name>presentationgroups</name>
            <categories>
                <category>topic</category>
            </categories>
        </scenario>
    </scenarios>
    <languages>
        <language>en</language>
        <language>de</language>
    </languages>
</questionnaire>