<?xml version="1.0" encoding="UTF-8" ?>
<XMLDB PATH="mod/groupformation/db" VERSION="20210624" COMMENT="XMLDB file for Moodle mod/groupformation"
    xmlns:xsi="http://www.w3.org/2001/XMLSchema-instance"
    xsi:noNamespaceSchemaLocation="../../../lib/xmldb/xmldb.xsd"
>
  <TABLES>
    <TABLE NAME="groupformation" COMMENT="Stores all settings for groupformation instances">
      <FIELDS>
        <FIELD NAME="id" TYPE="int" LENGTH="10" NOTNULL="true" SEQUENCE="true"/>
        <FIELD NAME="course" TYPE="int" LENGTH="10" NOTNULL="true" SEQUENCE="false" COMMENT="Course newmodule activity belongs to"/>
        <FIELD NAME="name" TYPE="char" LENGTH="255" NOTNULL="true" SEQUENCE="false" COMMENT="name field for moodle instances"/>
        <FIELD NAME="intro" TYPE="text" NOTNULL="true" SEQUENCE="false" COMMENT="General introduction of the newmodule activity"/>
        <FIELD NAME="introformat" TYPE="int" LENGTH="4" NOTNULL="true" DEFAULT="0" SEQUENCE="false" COMMENT="Format of the intro field (MOODLE, HTML, MARKDOWN...)"/>
        <FIELD NAME="timecreated" TYPE="int" LENGTH="10" NOTNULL="true" SEQUENCE="false"/>
        <FIELD NAME="timemodified" TYPE="int" LENGTH="10" NOTNULL="true" DEFAULT="0" SEQUENCE="false"/>
        <FIELD NAME="timeopen" TYPE="int" LENGTH="10" NOTNULL="true" DEFAULT="0" SEQUENCE="false"/>
        <FIELD NAME="timeclose" TYPE="int" LENGTH="10" NOTNULL="true" DEFAULT="0" SEQUENCE="false"/>
        <FIELD NAME="grade" TYPE="int" LENGTH="10" NOTNULL="true" DEFAULT="100" SEQUENCE="false" COMMENT="The maximum grade. Can be negative to indicate the use of a scale."/>
        <FIELD NAME="szenario" TYPE="int" LENGTH="10" NOTNULL="true" DEFAULT="0" SEQUENCE="false" COMMENT="The szenario: project-0, homework-1, presentation-2."/>
        <FIELD NAME="binquestion" TYPE="int" LENGTH="1" NOTNULL="true" DEFAULT="0" SEQUENCE="false"/>
        <FIELD NAME="binquestiontext" TYPE="char" LENGTH="1000" NOTNULL="false" SEQUENCE="false"/>
        <FIELD NAME="binquestionlines" TYPE="text" NOTNULL="false" SEQUENCE="false"/>
        <FIELD NAME="binquestionvalues" TYPE="text" NOTNULL="false" SEQUENCE="false"/>
        <FIELD NAME="binquestionnumber" TYPE="int" LENGTH="10" NOTNULL="false" SEQUENCE="false"/>
        <FIELD NAME="binquestionimportance" TYPE="number" LENGTH="20" NOTNULL="false" SEQUENCE="false" DECIMALS="8"/>
        <FIELD NAME="binquestionrelation" TYPE="int" LENGTH="10" NOTNULL="false" SEQUENCE="false"/>
        <FIELD NAME="binquestionmultiselect" TYPE="int" LENGTH="1" NOTNULL="false" SEQUENCE="false"/>
        <FIELD NAME="knowledge" TYPE="int" LENGTH="10" NOTNULL="true" DEFAULT="0" SEQUENCE="false" COMMENT="Knowledge questions are asked if field is 1, otherwise field is 0."/>
        <FIELD NAME="knowledgelines" TYPE="text" NOTNULL="true" SEQUENCE="false" COMMENT="Questions are seperated by SEPERATOR, to collect knowledge of users"/>
        <FIELD NAME="knowledgevalues" TYPE="text" NOTNULL="false" SEQUENCE="false"/>
        <FIELD NAME="knowledgenumber" TYPE="int" LENGTH="10" NOTNULL="false" SEQUENCE="false"/>
        <FIELD NAME="topics" TYPE="int" LENGTH="10" NOTNULL="true" DEFAULT="0" SEQUENCE="false" COMMENT="topics are given if field is 1, otherwise field is 0."/>
        <FIELD NAME="topiclines" TYPE="text" NOTNULL="true" SEQUENCE="false" COMMENT="Topics are seperated by SEPERATOR"/>
        <FIELD NAME="topicvalues" TYPE="text" NOTNULL="false" SEQUENCE="false"/>
        <FIELD NAME="topicnumber" TYPE="int" LENGTH="10" NOTNULL="false" SEQUENCE="false"/>
        <FIELD NAME="groupoption" TYPE="int" LENGTH="10" NOTNULL="true" DEFAULT="0" SEQUENCE="false" COMMENT="Option for max members or max number of groups"/>
        <FIELD NAME="maxmembers" TYPE="int" LENGTH="10" NOTNULL="true" DEFAULT="0" SEQUENCE="false" COMMENT="Maximum number of group members."/>
        <FIELD NAME="maxgroups" TYPE="int" LENGTH="10" NOTNULL="true" DEFAULT="0" SEQUENCE="false" COMMENT="Maximum number of groups to generate."/>
        <FIELD NAME="groupname" TYPE="text" NOTNULL="true" SEQUENCE="false" COMMENT="Group name prefix for generated group names"/>
        <FIELD NAME="evaluationmethod" TYPE="int" LENGTH="10" NOTNULL="true" DEFAULT="0" SEQUENCE="false" COMMENT="Evaluation method: grades-0, points-1, just pass-2 and no evaluation-3."/>
        <FIELD NAME="maxpoints" TYPE="int" LENGTH="10" NOTNULL="true" DEFAULT="100" SEQUENCE="false" COMMENT="Maximum number of points if evaluationmethod is 2 (points)."/>
        <FIELD NAME="onlyactivestudents" TYPE="int" LENGTH="1" NOTNULL="false" SEQUENCE="false"/>
        <FIELD NAME="emailnotifications" TYPE="int" LENGTH="1" NOTNULL="false" SEQUENCE="false"/>
        <FIELD NAME="version" TYPE="int" LENGTH="12" NOTNULL="false" SEQUENCE="false"/>
        <FIELD NAME="allanswersrequired" TYPE="int" LENGTH="1" NOTNULL="true" DEFAULT="0" SEQUENCE="false"/>
        <FIELD NAME="archived" TYPE="int" LENGTH="1" NOTNULL="false" SEQUENCE="false"/>
        <FIELD NAME="state" TYPE="int" LENGTH="3" NOTNULL="true" DEFAULT="0" SEQUENCE="false"/>
      </FIELDS>
      <KEYS>
        <KEY NAME="primary" TYPE="primary" FIELDS="id"/>
      </KEYS>
      <INDEXES>
        <INDEX NAME="course" UNIQUE="false" FIELDS="course"/>
      </INDEXES>
    </TABLE>
    <TABLE NAME="groupformation_answers" COMMENT="Stores answers given by users">
      <FIELDS>
        <FIELD NAME="id" TYPE="int" LENGTH="10" NOTNULL="true" SEQUENCE="true"/>
        <FIELD NAME="groupformation" TYPE="int" LENGTH="10" NOTNULL="true" DEFAULT="0" SEQUENCE="false"/>
        <FIELD NAME="category" TYPE="char" LENGTH="255" NOTNULL="true" SEQUENCE="false"/>
        <FIELD NAME="questionid" TYPE="int" LENGTH="10" NOTNULL="true" DEFAULT="0" SEQUENCE="false"/>
        <FIELD NAME="userid" TYPE="int" LENGTH="10" NOTNULL="true" DEFAULT="0" SEQUENCE="false"/>
        <FIELD NAME="answer" TYPE="char" LENGTH="255" NOTNULL="true" SEQUENCE="false"/>
        <FIELD NAME="timestamp" TYPE="int" LENGTH="10" NOTNULL="true" SEQUENCE="false"/>
      </FIELDS>
      <KEYS>
        <KEY NAME="primary" TYPE="primary" FIELDS="id"/>
        <KEY NAME="groupformation" TYPE="foreign" FIELDS="groupformation" REFTABLE="groupformation" REFFIELDS="id"/>
      </KEYS>
      <INDEXES>
        <INDEX NAME="userid" UNIQUE="false" FIELDS="userid"/>
      </INDEXES>
    </TABLE>
    <TABLE NAME="groupformation_q_version" COMMENT="save things according to a question">
      <FIELDS>
        <FIELD NAME="id" TYPE="int" LENGTH="10" NOTNULL="true" SEQUENCE="true"/>
        <FIELD NAME="category" TYPE="char" LENGTH="255" NOTNULL="true" SEQUENCE="false"/>
        <FIELD NAME="version" TYPE="int" LENGTH="12" NOTNULL="true" DEFAULT="0" SEQUENCE="false"/>
        <FIELD NAME="numberofquestion" TYPE="int" LENGTH="10" NOTNULL="true" DEFAULT="0" SEQUENCE="false"/>
        <FIELD NAME="instructions" TYPE="text" NOTNULL="false" SEQUENCE="false"/>
      </FIELDS>
      <KEYS>
        <KEY NAME="primary" TYPE="primary" FIELDS="id"/>
      </KEYS>
    </TABLE>
    <TABLE NAME="groupformation_users" COMMENT="Have questions been seen/answered from student">
      <FIELDS>
        <FIELD NAME="id" TYPE="int" LENGTH="10" NOTNULL="true" SEQUENCE="true"/>
        <FIELD NAME="groupformation" TYPE="int" LENGTH="10" NOTNULL="true" DEFAULT="0" SEQUENCE="false"/>
        <FIELD NAME="userid" TYPE="int" LENGTH="10" NOTNULL="true" DEFAULT="0" SEQUENCE="false"/>
        <FIELD NAME="completed" TYPE="int" LENGTH="1" NOTNULL="true" DEFAULT="0" SEQUENCE="false" COMMENT="1 is completed questionnaire"/>
        <FIELD NAME="timecompleted" TYPE="int" LENGTH="10" NOTNULL="false" DEFAULT="0" SEQUENCE="false"/>
        <FIELD NAME="groupid" TYPE="int" LENGTH="10" NOTNULL="false" SEQUENCE="false"/>
        <FIELD NAME="answer_count" TYPE="int" LENGTH="20" NOTNULL="false" DEFAULT="0" SEQUENCE="false"/>
        <FIELD NAME="consent" TYPE="int" LENGTH="1" NOTNULL="false" DEFAULT="0" SEQUENCE="false"/>
        <FIELD NAME="participantcode" TYPE="text" NOTNULL="false" SEQUENCE="false"/>
        <FIELD NAME="filtered" TYPE="int" LENGTH="1" NOTNULL="true" DEFAULT="0" SEQUENCE="false"/>
        <FIELD NAME="state" TYPE="int" LENGTH="3" NOTNULL="true" DEFAULT="0" SEQUENCE="false"/>
        <FIELD NAME="excluded" TYPE="int" LENGTH="1" NOTNULL="false" DEFAULT="0" SEQUENCE="false"/>
      </FIELDS>
      <KEYS>
        <KEY NAME="primary" TYPE="primary" FIELDS="id"/>
        <KEY NAME="groupformation" TYPE="foreign" FIELDS="groupformation" REFTABLE="groupformation" REFFIELDS="id"/>
      </KEYS>
      <INDEXES>
        <INDEX NAME="userid" UNIQUE="false" FIELDS="userid"/>
      </INDEXES>
    </TABLE>
    <TABLE NAME="groupformation_logging" COMMENT="Default comment for the table, please edit me">
      <FIELDS>
        <FIELD NAME="id" TYPE="int" LENGTH="10" NOTNULL="true" SEQUENCE="true"/>
        <FIELD NAME="timestamp" TYPE="int" LENGTH="10" NOTNULL="true" SEQUENCE="false"/>
        <FIELD NAME="userid" TYPE="int" LENGTH="10" NOTNULL="false" SEQUENCE="false"/>
        <FIELD NAME="groupformationid" TYPE="int" LENGTH="10" NOTNULL="false" SEQUENCE="false"/>
        <FIELD NAME="message" TYPE="char" LENGTH="255" NOTNULL="false" SEQUENCE="false"/>
      </FIELDS>
      <KEYS>
        <KEY NAME="primary" TYPE="primary" FIELDS="id"/>
      </KEYS>
    </TABLE>
    <TABLE NAME="groupformation_jobs" COMMENT="Default comment for the table, please edit me">
      <FIELDS>
        <FIELD NAME="id" TYPE="int" LENGTH="10" NOTNULL="true" SEQUENCE="true"/>
        <FIELD NAME="groupformationid" TYPE="int" LENGTH="10" NOTNULL="true" SEQUENCE="false"/>
        <FIELD NAME="groupingid" TYPE="int" LENGTH="20" NOTNULL="true" SEQUENCE="false"/>
        <FIELD NAME="waiting" TYPE="int" LENGTH="1" NOTNULL="false" DEFAULT="0" SEQUENCE="false"/>
        <FIELD NAME="started" TYPE="int" LENGTH="1" NOTNULL="false" DEFAULT="0" SEQUENCE="false"/>
        <FIELD NAME="aborted" TYPE="int" LENGTH="1" NOTNULL="false" DEFAULT="0" SEQUENCE="false"/>
        <FIELD NAME="done" TYPE="int" LENGTH="1" NOTNULL="false" DEFAULT="0" SEQUENCE="false"/>
        <FIELD NAME="groups_generated" TYPE="int" LENGTH="1" NOTNULL="true" DEFAULT="0" SEQUENCE="false"/>
        <FIELD NAME="groups_adopted" TYPE="int" LENGTH="1" NOTNULL="true" DEFAULT="0" SEQUENCE="false"/>
        <FIELD NAME="started_by" TYPE="int" LENGTH="20" NOTNULL="false" SEQUENCE="false" COMMENT="comment here"/>
        <FIELD NAME="timecreated" TYPE="int" LENGTH="10" NOTNULL="false" DEFAULT="0" SEQUENCE="false"/>
        <FIELD NAME="timestarted" TYPE="int" LENGTH="10" NOTNULL="false" DEFAULT="0" SEQUENCE="false"/>
        <FIELD NAME="timefinished" TYPE="int" LENGTH="10" NOTNULL="false" DEFAULT="0" SEQUENCE="false"/>
      </FIELDS>
      <KEYS>
        <KEY NAME="primary" TYPE="primary" FIELDS="id"/>
      </KEYS>
    </TABLE>
    <TABLE NAME="groupformation_groups" COMMENT="save the answer to the question">
      <FIELDS>
        <FIELD NAME="id" TYPE="int" LENGTH="10" NOTNULL="true" SEQUENCE="true"/>
        <FIELD NAME="groupformation" TYPE="int" LENGTH="10" NOTNULL="true" DEFAULT="0" SEQUENCE="false"/>
        <FIELD NAME="moodlegroupid" TYPE="int" LENGTH="10" NOTNULL="false" SEQUENCE="false"/>
        <FIELD NAME="groupname" TYPE="char" LENGTH="255" NOTNULL="false" SEQUENCE="false"/>
        <FIELD NAME="group_size" TYPE="int" LENGTH="20" NOTNULL="true" SEQUENCE="false"/>
        <FIELD NAME="performance_index" TYPE="number" LENGTH="20" NOTNULL="false" SEQUENCE="false" DECIMALS="8"/>
        <FIELD NAME="groupal" TYPE="int" LENGTH="1" NOTNULL="true" DEFAULT="0" SEQUENCE="false" COMMENT="Gibt an ob die Gruppe durch GroupAL erzeugt wurde"/>
        <FIELD NAME="random" TYPE="int" LENGTH="1" NOTNULL="true" DEFAULT="0" SEQUENCE="false" COMMENT="Gibt an ob die Gruppe zufällig erzeugt wurde"/>
        <FIELD NAME="mrandom" TYPE="int" LENGTH="1" NOTNULL="true" DEFAULT="0" SEQUENCE="false" COMMENT="Gibt an ob die Gruppe im Rahmen des Mathevorkurses zufällig erzeugt wurde"/>
        <FIELD NAME="created" TYPE="int" LENGTH="1" NOTNULL="true" DEFAULT="0" SEQUENCE="false" COMMENT="Gibt an, ob die Gruppen die generiert wurden auch in Moodle erstellt wurden (sprich echte Moodlegruppen)"/>
        <FIELD NAME="topic_id" TYPE="int" LENGTH="20" NOTNULL="false" SEQUENCE="false"/>
        <FIELD NAME="topic_name" TYPE="text" NOTNULL="false" SEQUENCE="false"/>
        <FIELD NAME="group_key" TYPE="text" NOTNULL="false" SEQUENCE="false"/>
      </FIELDS>
      <KEYS>
        <KEY NAME="primary" TYPE="primary" FIELDS="id"/>
        <KEY NAME="groupformation" TYPE="foreign" FIELDS="groupformation" REFTABLE="groupformation" REFFIELDS="id"/>
      </KEYS>
    </TABLE>
    <TABLE NAME="groupformation_group_users" COMMENT="Default comment for the table, please edit me">
      <FIELDS>
        <FIELD NAME="id" TYPE="int" LENGTH="10" NOTNULL="true" SEQUENCE="true"/>
        <FIELD NAME="groupformation" TYPE="int" LENGTH="10" NOTNULL="true" SEQUENCE="false"/>
        <FIELD NAME="userid" TYPE="int" LENGTH="10" NOTNULL="true" SEQUENCE="false"/>
        <FIELD NAME="groupid" TYPE="int" LENGTH="10" NOTNULL="true" SEQUENCE="false"/>
      </FIELDS>
      <KEYS>
        <KEY NAME="primary" TYPE="primary" FIELDS="id"/>
        <KEY NAME="groupformation" TYPE="foreign" FIELDS="groupformation" REFTABLE="groupformation" REFFIELDS="id"/>
      </KEYS>
    </TABLE>
    <TABLE NAME="groupformation_stats" COMMENT="Default comment for the table, please edit me">
      <FIELDS>
        <FIELD NAME="id" TYPE="int" LENGTH="10" NOTNULL="true" SEQUENCE="true"/>
        <FIELD NAME="groupformationid" TYPE="int" LENGTH="20" NOTNULL="true" SEQUENCE="false"/>
        <FIELD NAME="group_key" TYPE="text" NOTNULL="false" SEQUENCE="false"/>
        <FIELD NAME="matcher_used" TYPE="text" NOTNULL="false" SEQUENCE="false"/>
        <FIELD NAME="count_groups" TYPE="number" LENGTH="20" NOTNULL="false" SEQUENCE="false" DECIMALS="8"/>
        <FIELD NAME="performance_index" TYPE="number" LENGTH="20" NOTNULL="false" SEQUENCE="false" DECIMALS="8"/>
        <FIELD NAME="avg_variance" TYPE="number" LENGTH="20" NOTNULL="false" SEQUENCE="false" DECIMALS="8"/>
        <FIELD NAME="variance" TYPE="number" LENGTH="20" NOTNULL="false" SEQUENCE="false" DECIMALS="8"/>
        <FIELD NAME="avg" TYPE="number" LENGTH="20" NOTNULL="false" SEQUENCE="false" DECIMALS="8"/>
        <FIELD NAME="st_dev" TYPE="number" LENGTH="20" NOTNULL="false" SEQUENCE="false" DECIMALS="8"/>
        <FIELD NAME="norm_st_dev" TYPE="number" LENGTH="20" NOTNULL="false" SEQUENCE="false" DECIMALS="8"/>
      </FIELDS>
      <KEYS>
        <KEY NAME="primary" TYPE="primary" FIELDS="id"/>
      </KEYS>
    </TABLE>
    <TABLE NAME="groupformation_questions" COMMENT="Default comment for the table, please edit me">
      <FIELDS>
        <FIELD NAME="id" TYPE="int" LENGTH="10" NOTNULL="true" SEQUENCE="true"/>
        <FIELD NAME="category" TYPE="char" LENGTH="255" NOTNULL="true" SEQUENCE="false"/>
        <FIELD NAME="questionid" TYPE="int" LENGTH="20" NOTNULL="true" SEQUENCE="false"/>
        <FIELD NAME="type" TYPE="char" LENGTH="255" NOTNULL="true" SEQUENCE="false"/>
        <FIELD NAME="question" TYPE="text" NOTNULL="true" SEQUENCE="false"/>
        <FIELD NAME="options" TYPE="text" NOTNULL="true" SEQUENCE="false"/>
        <FIELD NAME="language" TYPE="char" LENGTH="255" NOTNULL="true" SEQUENCE="false"/>
        <FIELD NAME="position" TYPE="int" LENGTH="10" NOTNULL="true" DEFAULT="0" SEQUENCE="false"/>
        <FIELD NAME="optionmax" TYPE="int" LENGTH="10" NOTNULL="true" DEFAULT="0" SEQUENCE="false"/>
        <FIELD NAME="version" TYPE="int" LENGTH="12" NOTNULL="true" SEQUENCE="false"/>
      </FIELDS>
      <KEYS>
        <KEY NAME="primary" TYPE="primary" FIELDS="id"/>
      </KEYS>
    </TABLE>
    <TABLE NAME="groupformation_user_values" COMMENT="Default comment for the table, please edit me">
      <FIELDS>
        <FIELD NAME="id" TYPE="int" LENGTH="10" NOTNULL="true" SEQUENCE="true"/>
        <FIELD NAME="groupformationid" TYPE="int" LENGTH="20" NOTNULL="true" SEQUENCE="false"/>
        <FIELD NAME="userid" TYPE="int" LENGTH="20" NOTNULL="true" SEQUENCE="false"/>
        <FIELD NAME="criterion" TYPE="char" LENGTH="40" NOTNULL="true" SEQUENCE="false"/>
        <FIELD NAME="label" TYPE="char" LENGTH="40" NOTNULL="true" SEQUENCE="false"/>
        <FIELD NAME="dimension" TYPE="int" LENGTH="20" NOTNULL="true" DEFAULT="0" SEQUENCE="false"/>
        <FIELD NAME="value" TYPE="number" LENGTH="20" NOTNULL="true" SEQUENCE="false" DECIMALS="8"/>
      </FIELDS>
      <KEYS>
        <KEY NAME="primary" TYPE="primary" FIELDS="id"/>
      </KEYS>
    </TABLE>
    <TABLE NAME="groupformation_scenario" COMMENT="Default comment for the table, please edit me">
      <FIELDS>
        <FIELD NAME="id" TYPE="int" LENGTH="10" NOTNULL="true" SEQUENCE="true"/>
        <FIELD NAME="name" TYPE="char" LENGTH="255" NOTNULL="true" SEQUENCE="false"/>
        <FIELD NAME="version" TYPE="int" LENGTH="12" NOTNULL="true" SEQUENCE="false"/>
        <FIELD NAME="assigned_id" TYPE="int" LENGTH="1" NOTNULL="true" DEFAULT="0" SEQUENCE="false"/>
      </FIELDS>
      <KEYS>
        <KEY NAME="primary" TYPE="primary" FIELDS="id"/>
      </KEYS>
    </TABLE>
    <TABLE NAME="groupformation_scenario_cats" COMMENT="Default comment for the table, please edit me">
      <FIELDS>
        <FIELD NAME="id" TYPE="int" LENGTH="10" NOTNULL="true" SEQUENCE="true"/>
        <FIELD NAME="scenario" TYPE="int" LENGTH="20" NOTNULL="true" SEQUENCE="false"/>
        <FIELD NAME="category" TYPE="int" LENGTH="20" NOTNULL="true" SEQUENCE="false"/>
      </FIELDS>
      <KEYS>
        <KEY NAME="primary" TYPE="primary" FIELDS="id"/>
      </KEYS>
    </TABLE>
  </TABLES>
</XMLDB>
